Id,OwnerUserId,CreationDate,ClosedDate,Score,Title,Body
1000,178,2023-01-01,NA,38,best practices for C++ with low memory?,I am trying to best practices for C++ but facing issues with low memory. Please help.
1001,41,2023-01-01,NA,95,debug error in React with async support?,I am trying to debug error in React but facing issues with async support. Please help.
1002,387,2023-01-01,NA,99,best practices for C++ with low memory?,I am trying to best practices for C++ but facing issues with low memory. Please help.
1003,6,2023-01-01,NA,56,optimize performance of Elasticsearch with low memory?,I am trying to optimize performance of Elasticsearch but facing issues with low memory. Please help.
1004,6,2023-01-01,NA,34,debug error in Elasticsearch for beginners?,I am trying to debug error in Elasticsearch but facing issues for beginners. Please help.
1005,110,2023-01-01,NA,98,debug error in Java with low memory?,I am trying to debug error in Java but facing issues with low memory. Please help.
1006,92,2023-01-01,NA,64,debug error in React for beginners?,I am trying to debug error in React but facing issues for beginners. Please help.
1007,228,2023-01-01,NA,20,configure C++ production environment?,I am trying to configure C++ but facing issues production environment. Please help.
1008,470,2023-01-01,NA,15,tutorial for React production environment?,I am trying to tutorial for React but facing issues production environment. Please help.
1009,263,2023-01-01,NA,59,optimize performance of Elasticsearch production environment?,I am trying to optimize performance of Elasticsearch but facing issues production environment. Please help.
1010,326,2023-01-01,NA,14,connection failed in Django after upgrade?,I am trying to connection failed in Django but facing issues after upgrade. Please help.
1011,154,2023-01-01,NA,72,deploy C++ with async support?,I am trying to deploy C++ but facing issues with async support. Please help.
1012,296,2023-01-01,NA,79,optimize performance of Docker in 2023?,I am trying to optimize performance of Docker but facing issues in 2023. Please help.
1013,273,2023-01-01,NA,55,connection failed in Django on Linux?,I am trying to connection failed in Django but facing issues on Linux. Please help.
1014,254,2023-01-01,NA,96,optimize performance of Kubernetes in 2023?,I am trying to optimize performance of Kubernetes but facing issues in 2023. Please help.
1015,442,2023-01-01,NA,98,How to install React for beginners?,I am trying to how to install React but facing issues for beginners. Please help.
1016,463,2023-01-01,NA,62,best practices for Python with low memory?,I am trying to best practices for Python but facing issues with low memory. Please help.
1017,463,2023-01-01,NA,98,optimize performance of React on Linux?,I am trying to optimize performance of React but facing issues on Linux. Please help.
1018,2,2023-01-01,NA,99,tutorial for Elasticsearch production environment?,I am trying to tutorial for Elasticsearch but facing issues production environment. Please help.
1019,135,2023-01-01,NA,76,connection failed in Elasticsearch production environment?,I am trying to connection failed in Elasticsearch but facing issues production environment. Please help.
1020,325,2023-01-01,NA,10,tutorial for React in 2023?,I am trying to tutorial for React but facing issues in 2023. Please help.
1021,435,2023-01-01,NA,19,deploy React on Linux?,I am trying to deploy React but facing issues on Linux. Please help.
1022,381,2023-01-01,NA,22,debug error in Java on Linux?,I am trying to debug error in Java but facing issues on Linux. Please help.
1023,165,2023-01-01,NA,32,How to install React in 2023?,I am trying to how to install React but facing issues in 2023. Please help.
1024,120,2023-01-01,NA,64,connection failed in Docker with low memory?,I am trying to connection failed in Docker but facing issues with low memory. Please help.
1025,497,2023-01-01,NA,47,deploy AWS after upgrade?,I am trying to deploy AWS but facing issues after upgrade. Please help.
1026,411,2023-01-01,NA,97,debug error in Django on Windows?,I am trying to debug error in Django but facing issues on Windows. Please help.
1027,246,2023-01-01,NA,55,How to install Elasticsearch on Windows?,I am trying to how to install Elasticsearch but facing issues on Windows. Please help.
1028,499,2023-01-01,NA,83,optimize performance of Kubernetes after upgrade?,I am trying to optimize performance of Kubernetes but facing issues after upgrade. Please help.
1029,190,2023-01-01,NA,97,configure Docker for beginners?,I am trying to configure Docker but facing issues for beginners. Please help.
1030,326,2023-01-01,NA,34,debug error in Kubernetes for beginners?,I am trying to debug error in Kubernetes but facing issues for beginners. Please help.
1031,314,2023-01-01,NA,6,best practices for C++ on Windows?,I am trying to best practices for C++ but facing issues on Windows. Please help.
1032,213,2023-01-01,NA,39,How to install React production environment?,I am trying to how to install React but facing issues production environment. Please help.
1033,461,2023-01-01,NA,63,configure Python after upgrade?,I am trying to configure Python but facing issues after upgrade. Please help.
1034,404,2023-01-01,NA,79,debug error in Python on Linux?,I am trying to debug error in Python but facing issues on Linux. Please help.
1035,436,2023-01-01,NA,47,configure Python after upgrade?,I am trying to configure Python but facing issues after upgrade. Please help.
1036,292,2023-01-01,NA,59,optimize performance of Java on Windows?,I am trying to optimize performance of Java but facing issues on Windows. Please help.
1037,90,2023-01-01,NA,47,best practices for Elasticsearch production environment?,I am trying to best practices for Elasticsearch but facing issues production environment. Please help.
1038,196,2023-01-01,NA,11,configure React after upgrade?,I am trying to configure React but facing issues after upgrade. Please help.
1039,3,2023-01-01,NA,68,best practices for C++ production environment?,I am trying to best practices for C++ but facing issues production environment. Please help.
1040,157,2023-01-01,NA,5,How to install Java with async support?,I am trying to how to install Java but facing issues with async support. Please help.
1041,173,2023-01-01,NA,17,optimize performance of Python on Windows?,I am trying to optimize performance of Python but facing issues on Windows. Please help.
1042,123,2023-01-01,NA,26,configure Flask with async support?,I am trying to configure Flask but facing issues with async support. Please help.
1043,297,2023-01-01,NA,27,configure Flask after upgrade?,I am trying to configure Flask but facing issues after upgrade. Please help.
1044,376,2023-01-01,NA,0,best practices for React for beginners?,I am trying to best practices for React but facing issues for beginners. Please help.
1045,269,2023-01-01,NA,11,How to install Docker with low memory?,I am trying to how to install Docker but facing issues with low memory. Please help.
1046,363,2023-01-01,NA,83,debug error in Python in 2023?,I am trying to debug error in Python but facing issues in 2023. Please help.
1047,63,2023-01-01,NA,10,tutorial for Elasticsearch after upgrade?,I am trying to tutorial for Elasticsearch but facing issues after upgrade. Please help.
1048,3,2023-01-01,NA,98,debug error in Python on Linux?,I am trying to debug error in Python but facing issues on Linux. Please help.
1049,491,2023-01-01,NA,28,debug error in Flask production environment?,I am trying to debug error in Flask but facing issues production environment. Please help.
1050,436,2023-01-01,NA,73,deploy Elasticsearch on Windows?,I am trying to deploy Elasticsearch but facing issues on Windows. Please help.
1051,483,2023-01-01,NA,60,connection failed in Django on Linux?,I am trying to connection failed in Django but facing issues on Linux. Please help.
1052,343,2023-01-01,NA,76,tutorial for Flask for beginners?,I am trying to tutorial for Flask but facing issues for beginners. Please help.
1053,44,2023-01-01,NA,85,How to install Flask after upgrade?,I am trying to how to install Flask but facing issues after upgrade. Please help.
1054,479,2023-01-01,NA,40,How to install AWS after upgrade?,I am trying to how to install AWS but facing issues after upgrade. Please help.
1055,52,2023-01-01,NA,16,best practices for Java on Windows?,I am trying to best practices for Java but facing issues on Windows. Please help.
1056,258,2023-01-01,NA,48,debug error in Kubernetes in 2023?,I am trying to debug error in Kubernetes but facing issues in 2023. Please help.
1057,375,2023-01-01,NA,85,configure C++ for beginners?,I am trying to configure C++ but facing issues for beginners. Please help.
1058,471,2023-01-01,NA,45,connection failed in Flask with low memory?,I am trying to connection failed in Flask but facing issues with low memory. Please help.
1059,381,2023-01-01,NA,68,optimize performance of Django on Linux?,I am trying to optimize performance of Django but facing issues on Linux. Please help.
1060,134,2023-01-01,NA,57,debug error in Elasticsearch production environment?,I am trying to debug error in Elasticsearch but facing issues production environment. Please help.
1061,199,2023-01-01,NA,8,best practices for Kubernetes with async support?,I am trying to best practices for Kubernetes but facing issues with async support. Please help.
1062,159,2023-01-01,NA,12,connection failed in Django on Windows?,I am trying to connection failed in Django but facing issues on Windows. Please help.
1063,45,2023-01-01,NA,27,debug error in React production environment?,I am trying to debug error in React but facing issues production environment. Please help.
1064,120,2023-01-01,NA,2,deploy C++ with async support?,I am trying to deploy C++ but facing issues with async support. Please help.
1065,364,2023-01-01,NA,68,best practices for Java for beginners?,I am trying to best practices for Java but facing issues for beginners. Please help.
1066,146,2023-01-01,NA,44,best practices for Elasticsearch production environment?,I am trying to best practices for Elasticsearch but facing issues production environment. Please help.
1067,106,2023-01-01,NA,25,configure React with async support?,I am trying to configure React but facing issues with async support. Please help.
1068,403,2023-01-01,NA,79,best practices for Kubernetes for beginners?,I am trying to best practices for Kubernetes but facing issues for beginners. Please help.
1069,500,2023-01-01,NA,62,How to install AWS on Windows?,I am trying to how to install AWS but facing issues on Windows. Please help.
1070,485,2023-01-01,NA,10,deploy C++ for beginners?,I am trying to deploy C++ but facing issues for beginners. Please help.
1071,203,2023-01-01,NA,78,best practices for Flask with low memory?,I am trying to best practices for Flask but facing issues with low memory. Please help.
1072,341,2023-01-01,NA,95,best practices for Kubernetes production environment?,I am trying to best practices for Kubernetes but facing issues production environment. Please help.
1073,226,2023-01-01,NA,90,optimize performance of React on Linux?,I am trying to optimize performance of React but facing issues on Linux. Please help.
1074,267,2023-01-01,NA,83,configure Docker on Windows?,I am trying to configure Docker but facing issues on Windows. Please help.
1075,280,2023-01-01,NA,62,best practices for AWS production environment?,I am trying to best practices for AWS but facing issues production environment. Please help.
1076,104,2023-01-01,NA,40,deploy Django after upgrade?,I am trying to deploy Django but facing issues after upgrade. Please help.
1077,428,2023-01-01,NA,39,connection failed in Kubernetes production environment?,I am trying to connection failed in Kubernetes but facing issues production environment. Please help.
1078,490,2023-01-01,NA,70,best practices for Django with async support?,I am trying to best practices for Django but facing issues with async support. Please help.
1079,138,2023-01-01,NA,96,tutorial for Python on Linux?,I am trying to tutorial for Python but facing issues on Linux. Please help.
1080,458,2023-01-01,NA,41,deploy Elasticsearch after upgrade?,I am trying to deploy Elasticsearch but facing issues after upgrade. Please help.
1081,497,2023-01-01,NA,37,configure AWS for beginners?,I am trying to configure AWS but facing issues for beginners. Please help.
1082,89,2023-01-01,NA,35,best practices for Elasticsearch for beginners?,I am trying to best practices for Elasticsearch but facing issues for beginners. Please help.
1083,57,2023-01-01,NA,54,tutorial for AWS for beginners?,I am trying to tutorial for AWS but facing issues for beginners. Please help.
1084,272,2023-01-01,NA,26,deploy C++ on Linux?,I am trying to deploy C++ but facing issues on Linux. Please help.
1085,435,2023-01-01,NA,42,connection failed in Docker with low memory?,I am trying to connection failed in Docker but facing issues with low memory. Please help.
1086,5,2023-01-01,NA,15,debug error in AWS in 2023?,I am trying to debug error in AWS but facing issues in 2023. Please help.
1087,321,2023-01-01,NA,43,best practices for AWS with low memory?,I am trying to best practices for AWS but facing issues with low memory. Please help.
1088,252,2023-01-01,NA,72,debug error in Kubernetes for beginners?,I am trying to debug error in Kubernetes but facing issues for beginners. Please help.
1089,13,2023-01-01,NA,50,connection failed in React with async support?,I am trying to connection failed in React but facing issues with async support. Please help.
1090,134,2023-01-01,NA,33,best practices for Kubernetes in 2023?,I am trying to best practices for Kubernetes but facing issues in 2023. Please help.
1091,291,2023-01-01,NA,39,optimize performance of C++ in 2023?,I am trying to optimize performance of C++ but facing issues in 2023. Please help.
1092,325,2023-01-01,NA,58,How to install Django after upgrade?,I am trying to how to install Django but facing issues after upgrade. Please help.
1093,366,2023-01-01,NA,49,deploy Python after upgrade?,I am trying to deploy Python but facing issues after upgrade. Please help.
1094,474,2023-01-01,NA,49,configure Python with async support?,I am trying to configure Python but facing issues with async support. Please help.
1095,282,2023-01-01,NA,92,best practices for Java production environment?,I am trying to best practices for Java but facing issues production environment. Please help.
1096,333,2023-01-01,NA,99,How to install Java with low memory?,I am trying to how to install Java but facing issues with low memory. Please help.
1097,61,2023-01-01,NA,79,debug error in Python after upgrade?,I am trying to debug error in Python but facing issues after upgrade. Please help.
1098,171,2023-01-01,NA,60,configure Elasticsearch in 2023?,I am trying to configure Elasticsearch but facing issues in 2023. Please help.
1099,430,2023-01-01,NA,92,best practices for C++ in 2023?,I am trying to best practices for C++ but facing issues in 2023. Please help.
